email,nik,bankname,accountno,restopay,adminid
zmandre5@cafepress.com,6944428483436901,BCA,632099774,9355541,eclibbery0@cisco.com
ecosterd6@goo.ne.jp,6598703736999154,BCA,889098935,7696029,olowthian1@parallels.com
djoel7@google.nl,8073014204799137,BNI,892244888,6198574,awilshaw2@about.me
estorton8@comsenz.com,9392173763907738,MANDIRI,820825064,2561942,jcarrodus3@redcross.org
vbestwerthick9@gov.uk,9916836340330542,BRI,474900059,3625881,kbutterfield4@cam.ac.uk
acardenosaa@earthlink.net,7122066732672256,BCA,157106833,8473136,eclibbery0@cisco.com
scutillb@vinaora.com,4837972819648851,BNI,618796287,5272643,olowthian1@parallels.com
gtinseyc@tuttocitta.it,9993120925305212,CIMB,160665202,455596,awilshaw2@about.me
efavilld@dell.com,3854511336135941,BRI,895861772,2876138,jcarrodus3@redcross.org
ecraydone@theatlantic.com,3629973397697040,MANDIRI,524768873,6513939,kbutterfield4@cam.ac.uk
tchristenef@army.mil,7371281203210164,BRI,440267675,3150001,eclibbery0@cisco.com
cwaszczykg@mediafire.com,4462883173905348,CIMB,614606205,1540871,olowthian1@parallels.com
brishworthh@miitbeian.gov.cn,9338469176643732,BCA,190199884,5817162,awilshaw2@about.me
vvandenhofi@indiatimes.com,8028921004165409,BNI,290162928,1168687,jcarrodus3@redcross.org
qwakelingj@zimbio.com,8185803233843922,BNI,938350715,3186746,kbutterfield4@cam.ac.uk
pyarek@tuttocitta.it,4144734471887260,BNI,394873917,120938,eclibbery0@cisco.com
bgrievesl@wordpress.com,9739838696830966,MANDIRI,551552952,4355379,olowthian1@parallels.com
mliccardim@addthis.com,9841465640366453,CIMB,828288253,7679049,awilshaw2@about.me
smerceyn@mapy.cz,9016713196310897,MANDIRI,915918554,2232100,jcarrodus3@redcross.org
bcasacchiao@geocities.jp,7145381878561580,BRI,672552707,9096914,kbutterfield4@cam.ac.uk
ctindlep@feedburner.com,2281138984254599,CIMB,782470843,2711522,eclibbery0@cisco.com
rborlandq@webs.com,7943570707172799,BCA,618456476,8128675,olowthian1@parallels.com
kcastagner@stanford.edu,7585724999079610,MANDIRI,693355137,9419291,awilshaw2@about.me
stucks@nationalgeographic.com,7459621916969757,MANDIRI,155342137,7007091,jcarrodus3@redcross.org
jebbuttt@ovh.net,2130649103594117,BCA,912854236,8501991,kbutterfield4@cam.ac.uk
gironu@xrea.com,8181384464390068,BRI,837177987,8360719,eclibbery0@cisco.com
lsandeyv@yellowbook.com,2137850867615788,BRI,543378332,6744889,olowthian1@parallels.com
dbarnettw@imageshack.us,6174451167380750,BNI,536287208,3283794,awilshaw2@about.me
tvigarx@imgur.com,8194601851764000,BNI,706242072,362215,jcarrodus3@redcross.org
jwandsy@ihg.com,4118676100969636,BNI,405872506,2186589,kbutterfield4@cam.ac.uk
kmcdermottrowz@google.co.uk,9112792661728895,CIMB,759732747,7305648,eclibbery0@cisco.com
lsanderson10@cam.ac.uk,7424825263482585,CIMB,764343639,394481,olowthian1@parallels.com
cmeatcher11@deliciousdays.com,2311762524035020,BNI,581445087,7691537,awilshaw2@about.me
hbellchamber12@wiley.com,1772569432199822,MANDIRI,662048181,2557840,jcarrodus3@redcross.org
cgoodread13@hugedomains.com,6869326298110539,BCA,774924277,8919473,kbutterfield4@cam.ac.uk
hlownes14@yolasite.com,4810606214654054,BRI,798676021,5061661,eclibbery0@cisco.com
alantry15@youtu.be,5579239399934826,MANDIRI,14003723,8262041,olowthian1@parallels.com
eprimett16@tumblr.com,4207531361822717,BCA,926569823,3297509,awilshaw2@about.me
egolledge17@harvard.edu,9049905109844172,BRI,109709520,8639226,jcarrodus3@redcross.org
lobispo18@cornell.edu,4227296852688809,BNI,129419978,765959,kbutterfield4@cam.ac.uk
